subj,cond,AOI,duration,order
User 1,p1,ca,0.148620,1
User 1,p1,cb,0.214260,2
User 1,p1,cb,0.478090,3
User 1,p1,cb,0.157110,4
User 1,p1,bb,0.082520,5
User 1,p1,bb,0.214230,6
User 1,p1,cb,1.434480,7
User 1,p1,cb,1.253750,8
User 1,p1,ca,0.091370,9
User 1,p1,ca,0.935370,10
User 1,p1,ca,1.470120,11
User 1,p1,cb,0.012430,12
User 1,p1,cb,0.923680,13
User 1,p1,cb,0.117340,14
User 1,p1,ca,0.774350,15
User 1,p1,ca,0.990090,16
