subj,cond,AOI,duration,order
User 2,p1,da,0.049380,1
User 2,p1,da,0.293890,2
User 2,p1,cb,0.012360,3
User 2,p1,ca,0.208350,4
User 2,p1,cb,0.082220,5
User 2,p1,cb,1.552980,6
User 2,p1,cb,1.172490,7
User 2,p1,ca,0.988990,8
User 2,p1,ca,1.542820,9
User 2,p1,cb,1.484040,10
User 2,p1,ca,1.038700,11
User 2,p1,ca,0.280240,12
